outcome,window,shift,ci_low,ci_high,pvalue,axis,pvalue_fdr,significant
diagnostic,covid,0.18216933554517892,0.050681991621739864,0.31365667946861797,0.006618876643140736,DPM,0.016494787242885417,True
diagnostic,ukraine_energy,0.21617826765345027,0.03207163770406288,0.4002848976028377,0.021369455015155695,DPM,0.03909046649113847,True
diagnostic,cost_of_living,0.17373126992808796,0.0196834870783614,0.3277790527778145,0.027077498055916662,DPM,0.046154826231676126,True
diagnostic,gaza,0.14051212742706398,-0.03666006689905013,0.31768432175317807,0.12008600552407689,DPM,0.16678611878344013,False
diagnostic,politics,0.29354860490491363,0.04827401289499905,0.5388231969148283,0.018990538488398583,DPM,0.03652026632384343,True
prognostic,covid,0.1620077607128479,0.06143530242690158,0.2625802189987942,0.001592811278902209,DPM,0.005688611710365032,True
prognostic,ukraine_energy,0.13761523012258903,0.011174951378860848,0.26405550886631723,0.032909301004902455,DPM,0.05365646902973227,False
prognostic,cost_of_living,0.20776360293562224,0.10496175324530994,0.31056545262593455,7.460293053528803e-05,DPM,0.0003497012368841626,True
prognostic,gaza,0.07536677397895275,-0.034808135642305976,0.18554168360021148,0.18000413304071017,DPM,0.24107696389380825,False
prognostic,politics,0.2980573411930134,0.06962210376526648,0.5264925786207604,0.010548259416590168,DPM,0.02260341303555036,True
motivational,covid,0.014449124048781015,-0.09324550423906398,0.12214375233662601,0.792578666552979,DPM,0.8313316686518276,False
motivational,ukraine_energy,0.19944130792027615,0.06722863085052197,0.3316539849900303,0.003110682899790916,DPM,0.009332048699372748,True
motivational,cost_of_living,0.19036972114446193,0.0524646322890632,0.3282748099998607,0.006817845393725972,DPM,0.016494787242885417,True
motivational,gaza,0.289047687195231,0.14833952361762687,0.4297558507728351,5.6678890051046254e-05,DPM,0.0002876768483737939,True
motivational,politics,0.0922020278110045,-0.11336082307787196,0.297764878699881,0.37934085563221487,DPM,0.44850474553279424,False
blame_attribution,covid,0.04191221626795115,-0.09227313605749508,0.17609756859339737,0.5404145045033417,DPM Subcategories,0.5960454093786858,False
blame_attribution,ukraine_energy,0.2439220625461297,0.062005624609748206,0.42583850048251115,0.008588565839801013,DPM Subcategories,0.019519467817729574,True
blame_attribution,cost_of_living,0.17949044872895437,0.020904515866186663,0.33807638159172204,0.02653282017140934,DPM Subcategories,0.046154826231676126,True
blame_attribution,gaza,0.18432789941431826,0.009626193629952845,0.35902960519868365,0.03864383589403249,DPM Subcategories,0.061665695575583754,False
blame_attribution,politics,0.31871586540052976,0.030394024730156843,0.6070377060709027,0.03026708330980855,DPM Subcategories,0.050445138849680916,False
problem_identification,covid,0.1816760751730129,0.08431229916140599,0.2790398511846198,0.00025498784811969386,DPM Subcategories,0.0010624493671653912,True
problem_identification,ukraine_energy,0.22318034721514457,0.09475486358785848,0.3516058308424307,0.0006590667812371546,DPM Subcategories,0.002601579399620347,True
problem_identification,cost_of_living,0.1561399318107457,0.03445707671909165,0.27782278690239975,0.011904275481922346,DPM Subcategories,0.024800573920671556,True
problem_identification,gaza,0.05983301401443275,-0.07204974792164065,0.19171577595050615,0.3738939704804207,DPM Subcategories,0.44850474553279424,False
problem_identification,politics,0.25178547953571795,0.0716204586464127,0.4319505004250232,0.006160714987201406,DPM Subcategories,0.015932883587589843,True
solutions,covid,0.2046999900380424,0.11268238987253039,0.2967175902035544,1.3001160966259928e-05,DPM Subcategories,8.86442793154086e-05,True
solutions,ukraine_energy,0.17173086897567436,0.041180804651549496,0.3022809332997992,0.009931177963264615,DPM Subcategories,0.02190701021308371,True
solutions,cost_of_living,0.2333546125023559,0.13471896264101893,0.3319902623636929,3.5362154358480493e-06,DPM Subcategories,2.652161576886037e-05,True
solutions,gaza,0.1927571817888475,0.0810441460526094,0.3044702175250856,0.0007199849961957211,DPM Subcategories,0.002699943735733954,True
solutions,politics,0.3239549387858589,0.0634886837524834,0.5844211938192344,0.014780811820095982,DPM Subcategories,0.029961105040735098,True
tactics,covid,-0.12269365956406156,-0.2438278399121352,-0.0015594792159879384,0.047122610801039286,DPM Subcategories,0.07362907937662388,False
tactics,ukraine_energy,-0.0054711295762739365,-0.1480053618189212,0.13706310266637334,0.9400296688786064,DPM Subcategories,0.9443449913617172,False
tactics,cost_of_living,0.07330353866625394,-0.0585508360907942,0.20515791342330209,0.27587678628490664,DPM Subcategories,0.3506908300231864,False
tactics,gaza,0.11638775611103447,-0.02950764221371488,0.2622831544357838,0.11792157712034677,DPM Subcategories,0.16678611878344013,False
tactics,politics,-0.25851282651361895,-0.43656194753884725,-0.08046370548839066,0.004431279182927411,DPM Subcategories,0.012329214025166535,True
rationale,covid,-0.05345172227508832,-0.1492349917761458,0.04233154722596914,0.2740623505848412,DPM Subcategories,0.3506908300231864,False
rationale,ukraine_energy,0.08462293739042426,-0.03558787750697612,0.20483375228782463,0.16767122236205034,DPM Subcategories,0.2286425759482505,False
rationale,cost_of_living,-0.053284445355266996,-0.172928175921504,0.06635928521097001,0.3827240495213178,DPM Subcategories,0.44850474553279424,False
rationale,gaza,-0.04311837438375399,-0.15229645365499525,0.06605970488748727,0.4388948943541797,DPM Subcategories,0.4987441981297497,False
rationale,politics,-0.006634140082391049,-0.19289255400775965,0.17962427384297755,0.9443449913617172,DPM Subcategories,0.9443449913617172,False
call_to_action,covid,0.15076620709253633,-0.02474668963192675,0.3262791038169994,0.09225588816987346,DPM Subcategories,0.13306137716808672,False
call_to_action,ukraine_energy,0.36841146217760423,0.1274038399710218,0.6094190843841867,0.0027349298406707657,DPM Subcategories,0.008546655752096143,True
call_to_action,cost_of_living,0.37601939595606027,0.1407394009544583,0.6112993909576623,0.0017340000539750723,DPM Subcategories,0.005911363820369565,True
call_to_action,gaza,0.49333983462480635,0.2653174954448398,0.7213621738047729,2.230242708727581e-05,DPM Subcategories,0.0001393901692954738,True
call_to_action,politics,0.22469105388975263,-0.12494444831569657,0.5743265560952018,0.20782866956695223,DPM Subcategories,0.27345877574598976,False
climate_change,covid,0.22742720548648937,0.138923353207085,0.31593105776589375,4.7413566103493367e-07,Master Frame,7.1120349155240055e-06,True
climate_change,ukraine_energy,0.09241968582158139,-0.007874344385690388,0.19271371602885318,0.07090551174815901,Master Frame,0.10635826762223852,False
climate_change,cost_of_living,0.22045502306707299,0.1130435400601621,0.3278665060739839,5.7535369674758785e-05,Master Frame,0.0002876768483737939,True
climate_change,gaza,-0.15970424967964703,-0.29151055270619286,-0.027897946653101163,0.017558111475540164,Master Frame,0.034654167385934534,True
climate_change,politics,0.3217921711328714,0.1548674717525928,0.48871687051315,0.00015786661449977962,Master Frame,0.000696470358087263,True
climate_justice,covid,0.3212533856532258,0.18880683174527121,0.4536999395611804,1.994746451123797e-06,Master Frame,1.662288709269831e-05,True
climate_justice,ukraine_energy,0.6990315439019165,0.5348939318526654,0.8631691559511675,6.994653745616532e-17,Master Frame,5.245990309212399e-15,True
climate_justice,cost_of_living,0.47764072240157185,0.33321643388663164,0.622065010916512,9.051308084855493e-11,Master Frame,3.39424053182081e-09,True
climate_justice,gaza,0.3793062010919144,0.11694368337283662,0.6416687188109922,0.004602906569395507,Master Frame,0.012329214025166535,True
climate_justice,politics,0.5219292785067314,0.3093239105164177,0.7345346464970451,1.4975992008601399e-06,Master Frame,1.403999250806381e-05,True
oben_unten_present,covid,0.0501483973854087,0.01547368188649486,0.08482311288432254,0.004588266378550748,Inequality Arena,0.012329214025166535,True
oben_unten_present,ukraine_energy,0.1547760018206662,0.09790908004751597,0.21164292359381642,9.581937568058468e-08,Inequality Arena,1.7966132940109625e-06,True
oben_unten_present,cost_of_living,0.12619797563950647,0.08623870809882592,0.16615724318018701,6.020605578980228e-10,Inequality Arena,1.505151394745057e-08,True
oben_unten_present,gaza,0.18081368240196471,0.10815064636892269,0.25347671843500674,1.076312466909172e-06,Inequality Arena,1.1531919288312557e-05,True
oben_unten_present,politics,0.13451768074243659,0.047833394473820845,0.22120196701105233,0.0023540659886370015,Inequality Arena,0.007676302136859788,True
innen_aussen_present,covid,0.004045061335768929,-0.028782978100642974,0.03687310077218083,0.8091628241544456,Inequality Arena,0.8313316686518276,False
innen_aussen_present,ukraine_energy,0.10667817946860252,0.05517560690078463,0.1581807520364204,4.913418821881817e-05,Inequality Arena,0.00028346647049318175,True
innen_aussen_present,cost_of_living,-0.020760921132521745,-0.05896575954054758,0.017443917275504088,0.2868462619124823,Inequality Arena,0.3585578273906029,False
innen_aussen_present,gaza,0.010554808748722486,-0.03428294877249741,0.05539256626994238,0.6445291904531203,Inequality Arena,0.7005752070142611,False
innen_aussen_present,politics,0.028266890789198376,-0.03487669411851563,0.09141047569691238,0.38027021713037634,Inequality Arena,0.44850474553279424,False
wir_sie_present,covid,-0.047819543849087084,-0.08908648525812689,-0.006552602440047281,0.023136183772541334,Inequality Arena,0.041314613879538095,True
wir_sie_present,ukraine_energy,-0.045396859260464634,-0.09423467074036376,0.0034409522194344955,0.06847450953012361,Inequality Arena,0.10480792275018921,False
wir_sie_present,cost_of_living,-0.06081568500610185,-0.10579651963692915,-0.015834850375274538,0.008050585804246476,Inequality Arena,0.018868560478702678,True
wir_sie_present,gaza,0.20741309097008637,0.12541943134500905,0.2894067505951637,7.123318551126301e-07,Inequality Arena,8.904148188907876e-06,True
wir_sie_present,politics,0.010182112383874897,-0.07087866509151246,0.09124288985926225,0.8055330482123233,Inequality Arena,0.8313316686518276,False
heute_morgen_present,covid,-0.04327947373269226,-0.09170294898999629,0.005144001524611759,0.07981543034579348,Inequality Arena,0.117375632861461,False
heute_morgen_present,ukraine_energy,-0.022419569945696827,-0.07761217346836824,0.03277303357697458,0.4259452938796482,Inequality Arena,0.4914753390919017,False
heute_morgen_present,cost_of_living,-0.018684355480266146,-0.0749680745264707,0.0375993635659384,0.5152763235010454,Inequality Arena,0.5768018546653493,False
heute_morgen_present,gaza,-0.09033147440301414,-0.1666345507469731,-0.014028398059055217,0.020324364744205105,Inequality Arena,0.03810818389538457,True
heute_morgen_present,politics,0.014327439260609864,-0.062019173527336394,0.09067405204855612,0.7130127896688792,Inequality Arena,0.7639422746452277,False
