concept,hashtag
FFF,fridaysforfuture
FFF,fff
FFF,fridaysforfuturevienna
FFF,fridaysforfuturehamburg
FFF,fridaysforfutureberlin
FFF,fridays
FFF,fridaysforfuturekoeln
FFF,fridaysforfutureaustria
FFF,fridaysforfuturewien
FFF,fffwien
FFF,ffffordert
FFF,facesoffridaysforfuture
FFF,fff_muc
FFF,weekforfuture
FFF,facesoffridaysforfutureberlin
FFF,week4climate
FFF,fffkoeln
FFF,fridaysforfuturemunich
FFF,f4f
FFF,fridaysforfuturemuenchen
FFF,austriaforfuture
FFF,fridaysforfutureat
klima,klima
klima,klimaschutz
klima,climate
klima,klimawandel
klima,climatechange
klima,globalwarming
klima,sustainability
klima,öko
klima,oeko
klima,climateforchange
klima,klimaschutzgesetz
klima,earthovershootday
klima,umweltschutz
klima,100mrdfürsklima
klima,sommer
klima,hitze
krise,klimakrise
krise,climatecrisis
krise,fighteverycrisis
krise,climateemergency
krise,klimanotstand
krise,klimakatastrophe
climate justice,climatejustice
climate justice,klimagerechtigkeit
climate justice,climatejusticenow
climate justice,peaceandjustice
climate justice,climatejusticewithoutborders
aufruf,actnow
aufruf,peoplenotprofit
aufruf,allefürsklima
aufruf,climateaction
aufruf,noplanetb
aufruf,neustartklima
aufruf,now
aufruf,action
aufruf,keingradweiter
aufruf,sustainabilitymatters
aufruf,fightfor1point5
aufruf,nettonull
aufruf,uprootthesystem
aufruf,nomoreemptypromises
aufruf,climatechangeisreal
aufruf,savetheplanet
aufruf,jetzthandeln
aufruf,strikewithme
aufruf,notmyklimapaket
aufruf,tomorrowistoolate
aufruf,systemchange
aufruf,wirbleibenlaut
aufruf,anotherworldispossible
aufruf,systemchangenotclimatechange
aufruf,togetherforfuture
aufruf,jetztodernie
aufruf,liketheseawerise
aufruf,allefür1komma5
aufruf,nichtmorgensondernheute
aufruf,by2020weriseup
aufruf,climateactionnow
aufruf,sogeht1komma5
aufruf,blockiaa
aufruf,activism
aufruf,thereisnoplanetb
aufruf,iamwithgretathunberg
aufruf,allefuersklima
aufruf,peopleoverprofit
aufruf,noiaa
aufruf,powertothepeople
aufruf,unitedforclimate
aufruf,klimazielstattlobbydeal
aufruf,keinea49
aufruf,embargoforpeace
aufruf,esbrennt
aufruf,leavenoonebehind
aufruf,aufbruchsklima
aufruf,demoschildderwoche
aufruf,ihrlasstunskeinewahl
aufruf,climateactivist
aufruf,aktivismus
demonstration,klimastreik
demonstration,climatestrike
demonstration,demo
demonstration,schoolstrike4climate
demonstration,streik
demonstration,netzstreikfürsklima
demonstration,demonstration
demonstration,strike
demonstration,protest
demonstration,klimademo
demonstration,climatestrikeonline
demonstration,climatestrikes
demonstration,großstreik2309
demonstration,schoolstrike
demonstration,schulstreik
demonstration,schoolstrike4future
demonstration,klimastreik1509
globaler ,globalerklimastreik
globaler ,globalclimatestrike
globaler ,globalstrike
globaler ,earthstrike
globaler ,weltweiterklimastreik
globaler ,globaerklimastreik
dörfer,lützibleibt
dörfer,hambibleibt
dörfer,lützerath
dörfer,alledörferbleiben
dörfer,luetzibleibt
dörfer,dannibleibt
dörfer,lützilebt
dörfer,endegelände
dörfer,hambi
dörfer,lützerathbleibt
dörfer,luetzerathbleibt
kohle,endfossilfuels
kohle,kohleausstieg
kohle,stopdatteln4
kohle,kohlekommission
kohle,kohleeinstiegsgesetz
kohle,kohlestopp
kohle,stopfossilfuels
kohle,datteln4
kohle,fckrwe
energie,energiekrise
gas,exitgasenterfuture
gas,gasausstieg
gas,erdgas
gas,gas
demokratie,demokratie
demokratie,people
demokratie,klimavolksbegehren
adf,fckafd
adf,zusammengegenrechts
adf,wirsinddiebrandmauer
adf,fcknzs
wahl,klimawahl
wahl,voteclimate
wahl,voteforclimate
wahl,bundestagswahl
wahl,wahl
wahl,hamburgwähltklima
wahl,bundestagswahl2021
wahl,bundestagswahl2025
wahl,europawahl
wahl,btw2021
wahl,yourvoteourfuture
wahl,euwahl
politik,politik
politik,cdu
politik,spd
politik,ampel
politik,verdi
mobilität,verkehrswende
mobilität,öpnv
mobilität,mobilitätswende
mobilität,öffisfüralle
mobilität,abfckprämie
mobilität,fahrrad
mobilität,9euroticket
mobilität,kvb
klage,klimaklage
klage,wirklagenbisihrhandelt
cop,cop28
cop,cop27
cop,klimakonferenz
cop,parisagreement
jugend,youth4climate
jugend,kinderrechtaufklimaschutz
jugend,kinderrechte
jugend,schule
jugend,youthforclimate
zukunft,future
zukunft,zukunft
zukunft,wirbildenzukunft
zukunft,rechtaufzukunft
zukunft,sokofuture
zukunft,zukunftsentscheid
zukunft,ourfuture
corona,corona
corona,covid19
corona,klimacoronadeal
krieg,standwithukraine
krieg,dontfuelwar
orte,hamburg
orte,wien
orte,köln
orte,vienna
orte,berlin
orte,münchen
orte,koeln
orte,munich
orte,muenchen
orte,cologne
orte,deinort
orte,jungfernstieg
orte,austria
orte,österreich
orte,deutschland
orte,bayern
orte,eu
orte,europa
gemeinsam,zusammenhalt
gemeinsam,wirfahrenzusammen
gemeinsam,weareunstoppable
gemeinsam,solidarität
gemeinsam,zusammen
gemeinsam,solidarity
gemeinsam,studentsforfuture
gemeinsam,students
gemeinsam,parentsforfuture
wissenschaft,unitebehindthescience
personen,gretathunberg
personen,herbertgrönemeyer
personen,silbermond
personen,welovegreta
unclassified,for
unclassified,igersvienna
unclassified,igersaustria
unclassified,stopadani
unclassified,ac2106
unclassified,photos
unclassified,raum27
unclassified,fyp
unclassified,161
unclassified,musik
unclassified,nature
unclassified,music
unclassified,love
unclassified,earth
unclassified,aktivieren
unclassified,teamscheisse
unclassified,countdown
unclassified,moin2102
unclassified,antifa
feminismus,frauen
feminismus,männer
feminismus,queer
feminismus,queere
feminismus,bipoc
feminismus,kampftag
feminismus,feminismus
feminismus,feminism
feminismus,pride
feminismus,gender
feminismus,menschen
spenden,spenden
spenden,spende
spenden,unterstützung
landwirtschaft,landwirtschaft
landwirtschaft,agrarpolitik
landwirtschaft,agrar
engagement,link
engagement,orga
engagement,unterstützen
engagement,aktiv
engagement,helfen
engagement,basteln
engagement,mitmachen
engagement,gestalten
teilnahme,freuen
teilnahme,freude
teilnahme,video
teilnahme,spaß
teilnahme,danke
kapitalismus,kapitalismus
kapitalismus,capitalism
kapitalismus,gewinn
kapitalismus,finazmarkt
ozean,ozeane
ozean,meere
ozean,erwärmung
ozean,arktis
feste,frohe
feste,weihnachten
feste,fest
feste,schöne
feste,ferien
feste,ostern
vorstellung,vorstellung
vorstellung,personen
vorstellung,engagement
