hashtag,count
fridaysforfuture,2781
klimastreik,798
climatestrike,474
climatejustice,402
hamburg,344
klima,342
klimaschutz,341
klimakrise,321
peoplenotprofit,269
klimagerechtigkeit,230
demo,215
allefürsklima,192
climatecrisis,160
climatechange,141
fff,132
climate,129
actnow,125
globalerklimastreik,125
schoolstrike4climate,124
fridaysforfuturehamburg,116
köln,106
verkehrswende,97
fckafd,87
streik,85
keingradweiter,82
klimawandel,80
fighteverycrisis,80
münchen,79
nettonull,71
berlin,71
neustartklima,69
klimawahl,67
fridaysforfutureberlin,65
zusammenhalt,63
demokratie,63
climateaction,61
wirfahrenzusammen,61
youth4climate,60
voteclimate,59
globalstrike,59
koeln,57
netzstreikfürsklima,56
fightfor1point5,56
endfossilfuels,55
uprootthesystem,54
climatejusticenow,53
kohleausstieg,53
jungfernstieg,53
nomoreemptypromises,52
stopadani,51
lützibleibt,50
munich,48
zusammengegenrechts,48
demonstration,46
climatechangeisreal,44
fridaysforfuturekoeln,43
wirsinddiebrandmauer,41
savetheplanet,38
gretathunberg,37
notmyklimapaket,37
hambibleibt,36
protest,36
klimademo,36
öpnv,33
verdi,33
youthforclimate,32
lützerath,31
strike,30
muenchen,30
climateforchange,30
alledörferbleiben,29
bundestagswahl,29
luetzibleibt,29
globalclimatestrike,28
tomorrowistoolate,28
ffffordert,27
people,27
kohlekommission,26
wirbleibenlaut,26
eu,26
mobilitätswende,26
öffisfüralle,26
politik,25
stopdatteln4,25
dannibleibt,25
wahl,25
klimakatastrophe,24
lützilebt,24
energiekrise,24
photos,24
schoolstrike,23
anotherworldispossible,23
weareunstoppable,23
voteforclimate,23
facesoffridaysforfuture,23
climatestrikeonline,23
kohleeinstiegsgesetz,23
liketheseawerise,22
ac2106,22
herbertgrönemeyer,22
systemchange,21
noplanetb,21
climatestrikes,21
großstreik2309,21
zukunft,20
kohlestopp,20
solidarität,20
fff_muc,20
jetztodernie,20
facesoffridaysforfutureberlin,19
allefür1komma5,19
raum27,19
silbermond,19
systemchangenotclimatechange,18
rechtaufzukunft,18
teamscheisse,18
week4climate,17
climateemergency,17
hamburgwähltklima,17
nichtmorgensondernheute,17
sommer,16
moin2102,16
abfckprämie,16
bundestagswahl2021,16
fyp,16
endegelände,15
countdown,15
activism,15
unitebehindthescience,15
stopfossilfuels,15
sogeht1komma5,15
blockiaa,15
fffkoeln,15
cologne,15
bundestagswahl2025,15
fridaysforfuturemunich,14
aufbruchsklima,14
globaerklimastreik,14
100mrdfürsklima,14
cop28,14
fridaysforfuturemuenchen,13
welovegreta,13
corona,13
wirbildenzukunft,13
antifa,13
spd,13
peaceandjustice,13
9euroticket,13
cop27,13
schulstreik,12
future,12
fckrwe,12
togetherforfuture,12
schule,12
europawahl,12
sokofuture,12
allefuersklima,12
studentsforfuture,12
fahrrad,12
cdu,12
btw2021,12
peopleoverprofit,12
klimakonferenz,12
zusammen,12
zukunftsentscheid,12
aktivieren,12
exitgasenterfuture,12
yourvoteourfuture,11
demoschildderwoche,11
deutschland,11
noiaa,11
ihrlasstunskeinewahl,11
lützerathbleibt,11
ampel,11
luetzerathbleibt,11
161,11
umweltschutz,10
bayern,10
f4f,10
earth,10
earthovershootday,10
europa,10
globalwarming,10
nature,10
climateactionnow,10
klimazielstattlobbydeal,10
keinea49,10
musik,10
klimastreik1509,10
fcknzs,10
whateverittakes,9
saveourplanet,9
schoolstrike4future,9
love,9
wespoke,9
climateactivist,9
fck2038,9
parisagreement,9
kölnwähltklima,9
throwback,9
lng,9
obenbleiben,9
frackoff,9
klimaneutralität,9
merz,9
klimaziele,8
kohlestoppen,8
keinkonsens,8
ichstreikeweil,8
fridayforfuture,8
climatejusticewithoutborders,8
environment,8
klimawahlen,8
nomorepillepalle,8
fridaysforfutureköln,8
publicclimateschool,8
datteln4,8
equality,8
keinekohlefürdiekohle,8
klimapolitik,8
solidarity,8
kvb,8
waldstattasphalt,8
vollgasindiekrise,8
fridaysforfuturegermany,8
mapa,8
sommerderutopien,8
utopie,8
standwithukraine,8
scholz,8
hitze,8
music,8
fridaysforfuturede,8
bus,8
streikenbiszurverkehrswende,8
161crew,8
democracyforclimate,8
weloveluisa,7
earthhour,7
brandenburgertor,7
fdp,7
sustainability,7
lautfürsklima,7
klimakrisestoppen,7
sommerkongress,7
unitedforclimate,7
leavenoonebehind,7
fightclimateinjustice,7
2509,7
nomoreemptysummits,7
nachhaltigkeit,7
queer,7
einskommafünfgrad,7
wissingsautowahn,7
muc,7
links,7
euwahl,7
gasausstieg,7
superreichensteuer,7
schoolstrikeforclimate,6
ipcc,6
wähldeinklima,6
1jahrnurblockiert,6
gegenrechts,6
planetoverprofit,6
science,6
kohle,6
großekohlekoalition,6
kommunalwahlen2020,6
halloween,6
klimacamp,6
fy,6
bundesregierung,6
greenwashing,6
ukraine,6
facesoffff,6
embargoforpeace,6
rweenteignen,6
enteignenstattkrise,6
bahn,6
lindner,6
wissing,6
hitzesommer,6
1509,6
rechtsruck,6
tvn2024,6
europawahl2024,6
afdverbotjetzt,6
gemeinsamgegenrechts,6
reclaimtiktok,6
initiative,6
zukunftsindustrien,6
feminism,6
hambi,5
stopcoal,5
wirsindviele,5
bildungsstreik,5
klimawandelstoppen,5
jugendbewegung,5
parentsforfuture,5
togetherwearestronger,5
powertothepeople,5
pridemonth,5
bundestag,5
savethedate,5
landtagswahl,5
by2020weriseup,5
riseup4rojava,5
digitalstrike,5
streamstreik,5
netzstreik,5
agoffridaysforfuture,5
datteln4nichtmitmir,5
wald,5
alledoerferbleiben,5
berlinfffordert,5
frankfurt,5
umwelt,5
taxonomie,5
gas,5
euerprofitistunsertod,5
inklusion,5
luetzilebt,5
södersklimamärchen,5
cop,5
verkehr,5
söder,5
ai,5
foto,5
klausurenphase,5
nippes,5
cop29,5
jeremythegaslobbyist,5
aktivwerden,5
intersectionalfeminism,5
drawtheline,5
savetheearth,4
istandwithheidelberg,4
klimazeugnis,4
zeugnis,4
nachhaltig,4
fishforfuture,4
kinder,4
savethebees,4
aachenclimateevent,4
strikewithoutborders,4
fffhandelt,4
fridaysforfuturemünchen,4
fffkongress,4
weekforfuture,4
howdareyou,4
wirsindmehr,4
thüringen,4
silvester,4
gamechangeryear,4
kaeserfuelsfires,4
flattenthecurve,4
refugeeswelcome,4
unitebehindthescience2404,4
auto,4
earthday,4
datteln4aufessen,4
blacklivesmatter,4
arctic,4
dannenröderwald,4
kohlestop,4
nrwe,4
jahresrückblick,4
lützerathlebt,4
luetzerath,4
klimaklage,4
hope,4
garkeinplan,4
klimakriseisthier,4
ecofriendly,4
cop26,4
reichthaltnicht,4
valentinstag,4
habeck,4
esbrennt,4
aktivismus,4
klimakanzlerwtf,4
plakate,4
sozialegerechtigkeit,4
lützerrath,4
lützi,4
lossanddamage,4
hoffnung,4
publictransportforeveryone,4
reeperbahn,4
landwirtschaft,4
tempolimit,4
nofossilfuels,4
donttalkfight,4
elphi,4
michel,4
reeperbahnhamburg,4
ki,4
boycop28,4
klimacanceler,4
5jahre,4
5jahrealt,4
feedback,4
unterricht,4
referat,4
afdverbot,4
hh,4
stopfracking,4
onboarding,4
klimakontext,4
bipocs,4
endracism,4
black,4
bipoc,4
klimazieleretten,4
gasausstiegjetzt,4
invalidenpark,4
cop30,4
wirstreikenbisihrhandelt,3
myclimategoal2019,3
strikeforclimate,3
zukunftskommission,3
wearemany,3
berlindemo,3
demoberlin,3
kokolores,3
schüler,3
climatechallenge,3
now,3
rathaus,3
kohleausstiegjetzt,3
ferien,3
meer,3
karfreitag,3
artensterben,3
bayer,3
healthforfuture,3
spreadtheword,3
rwe,3
verantwortung,3
europawahl2019,3
biodiversity,3
sustainable,3
paris,3
burncapitalism,3
europeanelections,3
pride,3
lgbtqia,3
insmbedrohtparis,3
3vor12,3
stopclimatechange,3
w4c,3
onesolutionrevolution,3
mondaymotivation,3
wearesystemchange,3
cop25,3
laternenumzug,3
feinstaub,3
ourhouseisonfire,3
blockbayer,3
greendeal,3
kommunalwahl2020,3
erneuerbareenergien,3
treateverycrisislikeacrisis,3
treateverycrisis,3
fossilfuels,3
verkehrswendestattweltende,3
pariserklimaabkommen,3
wind,3
freitag,3
demoschild,3
forderungen,3
energiewende,3
instagood,3
insta,3
kreide,3
1komma5,3
klimafaktderwoche,3
klimaschutzgesetz,3
in15jahrenaufnull,3
kohlecommerzbank,3
zeigflaggefürsklima,3
köllefürsklima,3
rave,3
hochwasser,3
greenpeace,3
streikmituns,3
bankenblockieren,3
vegan,3
nichtwienrw,3
defundclimatechaos,3
ampelaufkrise,3
ampelkoalition,3
jubiläum,3
xfürlützi,3
olafschummelt,3
emailsforevacuation,3
erdgas,3
frieden,3
alster,3
g7,3
endegelaende,3
taxonomy,3
notmytaxonomy,3
olafscholz,3
energiewendejetzt,3
vergesellschaftung,3
k2708,3
9euroticketbleibt,3
sticker,3
luisaneubauer,3
flut,3
klimawende,3
kind,3
poetry,3
kunst,3
noafd,3
laternen,3
laterne,3
räumung,3
fotos,3
polizei,3
lützerathunräumbar,3
climatecatastrophe,3
autokorrektur,3
anreise,3
jungfernsstieg,3
aiunderstands,3
elbphilharmonie,3
a100,3
politics,3
landtagswahlbayern,3
grönemeyer,3
herbert,3
sagjazuhamburg,3
niewieder,3
trend,3
wählen,3
familie,3
date,3
borkum,3
bohrkum,3
straßenfest,3
engagement,3
awareness,3
baku,3
climatejusticeissocialjustice,3
klimaschutzjetzt,3
gasexit,3
a100wegbassen,3
augenauf,2
marenscheffler,2
kampf,2
nachhaltige,2
wearethefuture,2
movie,2
nrw,2
keepfighting,2
endcoal,2
karneval,2
gemeinsam,2
globalclimatechange,2
womensday,2
hambacherforst,2
march4climate,2
youthstrike4climate,2
marienplatz,2
parents4future,2
wenigerlabernmehrhandeln,2
ourfuture,2
sozial,2
überfischung,2
meeresschutz,2
extinctionrebellion,2
fridaysforfutureglobal,2
schoolstrike4climateaction,2
wowarlindner,2
20,2
arbeit,2
infopost,2
6fightingextinction,2
europe,2
muttertag,2
erde,2
2405,2
occupyforclimate,2
schulstreikfürsklima,2
loveislove,2
6monatenixpassiert,2
aachen,2
dortmundonfire,2
motivationmonday,2
luckenwalde,2
brandenburg,2
cleanup,2
sosamazonia,2
plenum,2
yeswecamp,2
globalstrikeforfuture,2
iaa,2
209,2
hambibleibt❤️🌱,2
activist,2
wirsindantifa,2
landtag4climate,2
bejirojava,2
globaldayofclimateaction,2
cop25madrid,2
dieerdebrennt,2
noko,2
neujahrsvorsätze,2
nordkongress,2
2020werdenwir,2
siemens,2
keinewortemehr,2
fffgegenrechts,2
dieuhrtickt,2
wirhabenessatt,2
klimaretten,2
hamburgwaehltklima,2
siemensfuelsfires,2
makelovenotco2,2
feministsforfuture,2
smashpatriarchy,2
hanau,2
migrantifa,2
nichtmituns,2
erneuerbareenergiengesetz,2
eeg,2
thereisnoplanetb,2
moria,2
toxictruth,2
pcd11,2
keinvergessen,2
netzstreikfuersklima,2
amazonas,2
whatthefork,2
changethegap,2
gap,2
konjunkturpaket,2
beiunsauch,2
keepitintheground,2
umwelttag,2
defendthedefenders,2
kohleausstiegsgesetz,2
solidarityandscience,2
garzweiler,2
rotelinie,2
systemchangenotclimatchange,2
moorburgabschalten,2
kohlegesetz,2
niewiedercdu,2
fridays,2
facetheclimateemergency,2
nevergiveup,2
großstreik,2
noten,2
hvv,2
gewerkschaft,2
hochbahn,2
zuckerimtank,2
aufstandmitabstand,2
shell,2
kommunalwahlen,2
donate,2
nrwähltklima,2
unterstützung,2
hilfe,2
erlangen,2
antarktis,2
warnstreik,2
blm,2
feminismus,2
withdrawthecap,2
solar,2
dannenröderforst,2
unserallerwald,2
verkehrswendejetzt,2
baumhaus,2
besetzung,2
klimakiller,2
zweijahrenichtspassiert,2
granniesforfuture,2
studisforfuture,2
silvesterköln,2
gerechtigkeit,2
happynewyear,2
klimakriseistjetzt,2
csu,2
nomoreemptywords,2
allefuer1komma5,2
cleanupstandardchartered,2
feministischerkampftag,2
unihamburg,2
uhh,2
laschet,2
recht,2
bverg,2
klimabildungfüralle,2
camp,2
1308,2
zerowaste,2
renewable,2
plasticfree,2
diegrünen,2
btw21,2
fffde,2
koalition,2
regierung,2
wirtanzenbisihrhandelt,2
lasstdasmaldieprofismachen,2
atomkraft,2
stopwar,2
solidaritywithukraine,2
umsteuernaufklimakurs,2
gasistkeinebrückentechnologie,2
climatjustice,2
csd,2
munichforfuture,2
waldbrände,2
movethedate,2
dontforgetafghanistan,2
fckfdp,2
luetzerathlebt,2
dürre,2
enteignen,2
gasumlage,2
dgb,2
pakistan,2
mayberg,2
malikharris,2
gebärdensprache,2
lina,2
queenlizzy,2
weltkindertag,2
fluten,2
regen,2
streiken,2
willybrandtstrasse,2
poetryslam,2
kultur,2
philippinen,2
international,2
frauenlebenfreiheit,2
rain,2
freealaa,2
weltklimakonferenz,2
fussball,2
menschenrechte,2
wunschzettel,2
mitvollgasindiekrise,2
vierjahre,2
4jahre,2
wünsche,2
neuesjahr,2
polizeihamburg,2
berlinwillklima,2
streikbiszurverkehrswende,2
hamburgrathaus,2
reel,2
stopwillow,2
evg,2
wissingrücktritt,2
klimamachtwort,2
bobbycar,2
overshootday,2
rügen,2
rosibleibt,2
stoplng,2
bmw,2
bbq,2
hamburgerday,2
clima,2
csdköln,2
bleiberechtüberall,2
grüne,2
instagram,2
eco,2
endfossilfuelera,2
hitzewellen,2
tram,2
paulacarolina,2
millerntor,2
fffmuc,2
millerntorstadion,2
oktoberfest,2
söderisst,2
deutschlandticket,2
webinar,2
boycop,2
vor5jahren,2
fffköln,2
christmas,2
2024,2
podium,2
diskussion,2
wfz,2
afa,2
aufstehengegenrassismus,2
handinhand,2
germandream,2
lichtermeerfürdemokratie,2
instadicht,2
gedichtdestages,2
instapoeten,2
instagedicht,2
klimastreik0103,2
fintasforfuture,2
fridaysforfuturefintakongress,2
kongress,2
anmeldung,2
europawähltklima,2
germanearthovershootday,2
euwahl2024,2
demonstrieren,2
vision,2
sommer2024,2
briefwahl,2
mobi,2
wilhelmplatz,2
climajustice,2
mitbestimmen,2
trump,2
voteforfuture,2
fffberlin,2
stopfossilfuel,2
lngsummit,2
klimaaktivismus,2
recap,2
riesa,2
münchenistbunt,2
cducsu,2
gegengas,2
rausausgas,2
amoc,2
fridays4future,1
streikennichtschwänzen,1
stoppkohle,1
wirsindlaut,1
fortheworld,1
needhelp,1
berlindemonstration,1
blackandwhite,1
friends,1
youngfuture,1
keinekohle,1
zunkunft,1
fridaysforfutureleipzig,1
weitergehts,1
bday,1
streikenstattschwänzen,1
2040film,1
film,1
2040,1
berlinale,1
lovespeech,1
loveforclimate,1
doitwithkindness,1
respectoneanother,1
vegansforfuture,1
zeugnisfürsöder,1
funfact,1
worldwhaleday,1
becausethereisnoplanetb,1
luftverschmutzung,1
quoteoftheday,1
esreicht,1
reunaissance,1
brussels,1
europeancommission,1
wirbleiben,1
kohlekomission,1
wusstestduschon,1
faktenwissen,1
ottoplatz,1
weitersagen,1
podcast,1
12,1
karnevall,1
bavaria,1
15,1
theresienwiese,1
westrikeuntilyouact,1
fridaysforfuturecolognegoesbrussels,1
genderjustice,1
13,1
weltfrauentag,1
freeeule,1
march15th,1
druckfürsklima,1
füreinezukunft,1
gletscherschmelzen,1
impressionen,1
cleanupforfuture,1
fckcsu,1
unglaublich,1
songwriter,1
song,1
aachen2106,1
termine,1
bethechange,1
klimakabinett,1
einklimakabinettachwienett,1
rwestoppen,1
wandel,1
schoolchildren,1
aufdiestrasse,1
stopemissions,1
dance,1
brassriot,1
peace,1
altermarkt,1
scientistsforfuture,1
pause,1
mentalhealth,1
ruhetag,1
fisch,1
beifang,1
planung,1
trauerzug,1
schulvernetzung,1
pestizide,1
monsanto,1
safeourspecies,1
earthday2019,1
sos,1
careformotherearth,1
minimalism,1
hatersgonnahate,1
braunkohlestoppen,1
fossilfree,1
arbeiterkampftag,1
igbcejugend,1
savetheenvironment,1
gemeinsamgegendenklimawandel,1
healthforfuturemunich,1
sickworld,1
helpearth,1
illworld,1
stoprwe,1
essen,1
kohletötet,1
easypeasyniceandcheesy,1
savetheworld,1
grandparentsforfuture,1
extinction,1
savehumanity,1
wahlomat2019,1
euroawahl,1
askaboutclimate,1
wahlarena,1
schulstrike,1
education,1
potsdam,1
eruopawahlen,1
ipbes,1
sharepic,1
bericht,1
climatecrisi,1
daslebenistzuschoenzumaussterben,1
schnapper,1
planet,1
conservation,1
eu19,1
elections,1
europematters,1
tanzdemo,1
travel,1
movies,1
spot,1
tv,1
advertisement,1
holiday,1
foodwaste,1
emissionsgrenzen,1
rückschrittdurchtechnik,1
suv,1
vw,1
respekt,1
share,1
mothersday,1
respect,1
sharepost,1
handeln,1
itsourfuture,1
money,1
keineuropaohneuns,1
manheim,1
klimawahl2019,1
rettetdiewelt,1
eineuropafüralle,1
klimagerecht,1
pressekonferenz,1
wold,1
spreadthenews,1
25,1
klimabewegung,1
diversität,1
inklusivität,1
100erneuerbar2035,1
nettonull2035,1
kohleausstieg2030,1
climatejusticewithoutborder,1
wissenmachtah,1
allegegenrwe,1
hitzestreik,1
somerkongress,1
kleinkünstler,1
sommersonnehitzeschlag,1
marcuwekling,1
fffdauerstreik,1
changethesystem,1
spenden,1
speach,1
rede,1
klimakabarett,1
hitzesommer2019,1
waldsterben,1
schoolstrik4climate,1
srccl,1
plastikfrei,1
insm,1
siebdruck,1
agrarwende,1
allinforclimate,1
landtagswahlensindklimawahlen,1
co2steuer,1
3jahrezuspät,1
climatecrisisisreal,1
spreadthelove,1
climatewarrior,1
sachsen,1
schafe,1
climatejusice,1
emergency,1
waehldeinklima,1
unteilbar,1
menschen,1
allefursklima,1
tollemenschen,1
klimaretter,1
fightingforclimatejustice,1
radelnfürsklima,1
fahrraddemo,1
pankow,1
globalweekforfuture,1
generationenstreik,1
freitag13,1
fightforfuture,1
bezirksdemo,1
iaa19,1
iaablockieren,1
aussteigen,1
ordnungistdashalbeleben,1
kaleosansaa,1
worldclimatestrike,1
globalerstreik,1
allesfürsklima,1
unitedbehindscience,1
nonazis,1
bijirojava,1
bijiberxwedanarojava,1
wwnj,1
vollversammlung,1
klimastaffel,1
animals,1
thepeapleunitedwillneverbedefeated,1
time4climatejustice,1
stopfailingus,1
1yearandcounting,1
facesoffridaysforfuture☀️,1
völlibleibt,1
kostenloseröpnvfüralle,1
vergesellschaften,1
sozialefrage,1
deichkind,1
thereisnoprideonadeadplanet,1
climateactionkoeln,1
queersforclimate,1
climateactionköln,1
peoplepower,1
klimaanker,1
houseonfire,1
silvesterböllerfrei,1
kampfgegenrechts,1
by2020werise,1
newyears,1
neujahr,1
neujahrsansprache,1
joekaeser,1
climateactivism,1
kaeserfuelsfire,1
australianwildfires,1
antirassismus,1
whes2020,1
notclimatechange,1
denndiezukunftistjetzt,1
mememonday,1
unitebehindscience,1
dollypartonchallenge,1
2020wefighton,1
fightforclimate,1
bikesup,1
fettesbrot,1
valentinsday,1
changewillcome,1
berlinkongress,1
bayerngoeshh,1
frauenstreik,1
fuckracism,1
thepeopleunitedwillneverbedefeated,1
worlshops,1
climantifa,1
wirsehenunsam1303,1
onebillionrising,1
ichstreike8m,1
8mhamburg,1
klimawahl2020,1
eugreendeal,1
mobiwochenede,1
fightpatriarchy,1
farbfilm,1
ninahagen,1
ichbleibezuhause,1
bleibtzuhause,1
climateonlinestrike,1
systemrelevant,1
grenzenauflebenretten,1
greatbarrierreef,1
stayhome,1
onlinestrike,1
evakuierenstattignorieren,1
globalstrikeonline,1
covid19,1
stayathome,1
generationen,1
zuhause,1
esgibtkeinenplanetb,1
pvdeckel,1
photovoltaik,1
straße,1
rad,1
transport,1
fortbewegung,1
fahren,1
radfahren,1
stayhomebutnotsilent,1
climajusticenow,1
stayhomenotsilent,1
physicaldistancing,1
solidarischistmannichtalleine,1
primarenergieverbrauch,1
fghteverycrisis,1
spreadlovenotco2,1
niewiederfaschismus,1
fcknazis,1
ehrenlangen,1
abwrackprämie,1
throwbackthursday🔥,1
fridaysforfuturemeetspolitics,1
wirbildenzukunft💙,1
dattelniv,1
wwf,1
changethecap,1
studentsforfutureberlin,1
stoppdatteln4,1
fahrradfürsklima,1
oknb,1
konjunkturprogramm,1
kaufprämie,1
lufthansa,1
projection,1
oil,1
peoplevsoil,1
greenpeacerussia,1
russia,1
worldoceanday2020,1
unwolrdoceanday,1
ocean,1
abfuckprämie,1
unenvironment,1
saveamazonia,1
saveamazonas,1
climatejustice📸,1
jemen,1
ac2106💥,1
exitcoal,1
coal,1
braunkohle,1
rückblick,1
review,1
hochneukirch,1
greennewdeal,1
systemwandel,1
climateunion,1
endcoalenterfuture,1
kohlelobby,1
lobbyismus,1
zukunftvorprofit,1
niewiederspd,1
düsseldorf,1
atomausstieg,1
atomkraftneindanke,1
letchinastrikeforclimate,1
chinaflood,1
fck10h,1
windkraft,1
kommunalwahl,1
l277,1
derwiederstandmussweitergehen,1
tvn2020,1
wirfahrenzusammem,1
tarifverhandlung,1
savetheplanet🌍,1
schnee,1
wissenschaft,1
ice,1
cliamtechange,1
seaice,1
wissenschaftskommunikation,1
weriseup,1
bewertung,1
versagen,1
klimatstreik,1
systemrelevanteberufe,1
tarifverhandlungen,1
berlin4future,1
kiezkanne,1
profilepictures,1
keineinzelfall,1
nohate,1
bne,1
schulvortrag,1
nocoal,1
keingradweite,1
plakat,1
kohlest,1
reels,1
jänschwalde,1
mitarbeit,1
wirhabenplatz,1
fightclimateinju,1
adbusting,1
antikapitalist,1
keineausreden,1
ingoforfuture,1
ingoohneflamingo,1
arktis,1
listentothescience,1
sonstkommich,1
savemoria,1
moriaevakuieren,1
evacuatemorianow,1
verkerhswende,1
rassismus,1
studie,1
gntm,1
allewälderbleiben,1
herribleibt,1
keineautobahn,1
lieferkettengesetz,1
together4forests,1
forest,1
suplychain,1
votethiscapdown,1
dogsofinstagram,1
sun,1
danni,1
banksagainstfuture,1
fght2038,1
endsars,1
shellgotohell,1
nigeria,1
stayhealthy,1
wearmask,1
pandemie,1
staysafe,1
keingrünerkapitalismus,1
streetart,1
klimaschützenistkeinverbrechen,1
bescheuert,1
gönnteuchautobahn,1
kindervertretung,1
kinderhilfe,1
haeuslichegewalt,1
jugend,1
awerness,1
a49,1
autobahn,1
schuleneudenken,1
2jahrenichtspassiert,1
blockfriday,1
29november,1
demobildderwoche,1
einjahrnichtspassiert,1
cap,1
staytuned,1
riesenbanner,1
fightforonepointfive,1
onestruggleonefight,1
klimageechtigkeit,1
2020,1
cu2021,1
besseresleben,1
throwbackthursady,1
fightracism,1
fightsexism,1
neindanke,1
ethylenoxid,1
moorburgstoppen,1
menschengegenmerz,1
wegenmorgen,1
klimaimalltag,1
fighteverycrisis🔥,1
pipelineindiekrise,1
fuckfossilfuels,1
scientists4future,1
sciencenotsilence,1
divest,1
stopnordstream2,1
fffordertklima,1
klimawähltgerechtigkeit,1
wirmüssenreden,1
raiseyourstandards,1
climatecrisisisahumanrightscrisis,1
worldwomensday,1
aprilspril,1
klimaneutral,1
a100stoppen,1
nomoreemtypromises,1
klimapaket,1
studentsforfurure,1
uniwiesen,1
scheuerrücktritt,1
raddemo,1
fuckyoucoal,1
fairkehrswendejetzt,1
sternfahrtköln,1
autofrei,1
outfit,1
kleidertausch,1
samstag,1
secondhand,1
fashion,1
inspo,1
aoh,1
garkeinenplan,1
allefürsklima🌍,1
pov,1
unwetter,1
kölle,1
gentleman,1
kölletanztfürsklima,1
bund,1
menschenkette,1
tatenstattworte,1
dieklimakrieseisthier,1
fffffm,1
klimagerechtigkeitscamp,1
wirbleibenbisihrhandelt,1
bankenbesetzen,1
zentralstreik,1
commerzbank,1
ourfutureisnotforsale,1
fridaysforfuturefrankfurt,1
banken,1
finanzsektor,1
augustriseup,1
riseup,1
gesundheit,1
abstimmungsunterlagen,1
abstimmung21,1
laschetdarfnichtkanzlerwerden,1
laschetdenktnach,1
laschetverhindern,1
witzig,1
satire,1
natur,1
tierschutz,1
naturschutz,1
zapatistasaeuropa,1
lagirazapatistava,1
tomate,1
hochbeet,1
pflanzenliebe,1
plants,1
pflanzen,1
abgeordnetenhauswahl2021,1
berlinwahlen,1
agh,1
abgeordnetenhaus,1
planetb,1
fckpag,1
aalefürsklima,1
frankschätzing,1
edgarselge,1
cordulastratmann,1
linke,1
ordner,1
ordnerinnen,1
klimakriese,1
k2409,1
kllimastreik,1
uprootthesystem🔥,1
activistsatrisk,1
sosafghanistan,1
haw,1
tuhh,1
solidarischgehtanders,1
gerechtigkeitjetzt,1
climatejusticeworldwide,1
artcologne,1
klimagerechtigkeitsbildung,1
pcs,1
koalitionsvertrag,1
fffdeutschland,1
sonne,1
strom,1
erneuerbareenergie,1
wasserkraft,1
gericht,1
erderwärmung,1
happybirthday,1
2021,1
wirallefür1komma5grad,1
alarmstuferot,1
vollgaslndiekrise,1
eutaxonomie,1
naturstattautobahnstruktur,1
sterkibleibt,1
oberhausen,1
antikapitalismus,1
klassismus,1
klassenkampf,1
stopthewar,1
stopfossilwar,1
fridaysforfuture_hh,1
drohne,1
tiktok,1
picasso,1
carsten,1
klischeefrei,1
boysday,1
girlsday,1
nonbinary,1
geesthacht,1
nordstream2,1
ahrensburg,1
pinneberg,1
nrwgenugverwüstet,1
nrwandel,1
stimme,1
atcm,1
freiheitsenergien,1
debtforclimate,1
keinebmwautobahn,1
flüssiggas,1
familirnklimastreik,1
gekko7,1
gerechtgehtanders,1
stromistkeineware,1
g7showusthemoney,1
debt4climate,1
earthovershotday,1
heaven,1
hitzetote,1
hitzerekorde,1
1,1
ahrtal,1
porschegate,1
morgenshalb10indeutschland,1
tonwerkorchester,1
vierjahreszeiten,1
nogas,1
scared,1
fffafghanistan,1
9euroticketforever,1
niedrigwasser,1
gaslockin,1
ironie,1
rekordhitze,1
weltfriedenstag,1
krieg,1
neunernfüralle,1
verkehswende,1
vollgasindieklimakrise,1
entlastungspaket,1
floods,1
berlin2030,1
statuen,1
wildlife,1
firefighter,1
helicopter,1
burn,1
fire,1
comingsoon,1
radentscheidbayern,1
radentscheid,1
helfen,1
6tage,1
statue,1
heiß,1
hitzetod,1
heatwave,1
opa,1
hot,1
oma,1
checklist,1
r3bellin,1
allefürella,1
wirsindrebellen,1
kinderfilm,1
bibiundtina,1
bibiblocksberg,1
offenesverdeck,1
linalarissastrahl,1
egoist,1
rebellen,1
2309,1
ilchivetto,1
100milliardenfuersklima,1
teenager,1
domstrasse,1
schülerinnen,1
treffpunkt,1
jugendlicher,1
rnb,1
indie,1
soul,1
popmusic,1
utopia,1
tonight,1
pop,1
trafficsongs,1
liening,1
storyuntold,1
lpaulinabehrendt,1
klimaslam,1
slam,1
gedicht,1
poetryslammerin,1
kampfderkünste,1
slammerin,1
slammer,1
vortrag,1
mutausbruch,1
inwahrheit,1
scham,1
poetryslammer,1
willybrandtstraße,1
holstenwall,1
hamburgerinnenstadt,1
gorchfockwall,1
brandstwiete,1
lombardsbrücke,1
route,1
steintorwall,1
sharktank,1
busy,1
konzert,1
badenergy,1
formyself,1
aufritt,1
livemusic,1
washedup,1
livemusik,1
koeln2309,1
23092022,1
alleswirdgut,1
yacap,1
taifun,1
nuru,1
stürme,1
reparationen,1
dänemark,1
reparations,1
lützibleibt❗️,1
b0810,1
rebel,1
fraulebenfreiheit,1
jinaamini,1
iranprotests,1
azadi,1
iran,1
iranrevolution2022,1
mahsaamini,1
peoplenotproft,1
street,1
nonewgas,1
cop27egypt,1
lützerrathbleibt,1
rickrolled,1
biden,1
bundnaturschutz,1
unserezukunftistnichtverhandelbar,1
globaldayofaction,1
unfccc,1
solidarischerherbst,1
energie,1
wm,1
worldcup,1
katar,1
wm2022,1
quatar,1
dfb,1
quatar2022,1
katar2022,1
stelze,1
climateconference,1
sharmelsheikh,1
egypt,1
laternendemo,1
senegal,1
kipppunkte,1
weltnaturgipfel,1
cop15,1
manweißnichtobswirkt,1
cbd,1
conventiononbiologicaldiversity,1
keks,1
logo,1
sadlybirthday,1
whatsupworld,1
vorsatznichtauszusterben,1
5nach12,1
strongertogether,1
tagebau,1
jahresrückblick2022,1
malen,1
bild,1
spontan,1
comeback,1
fehler,1
tagx,1
event,1
wirallenachluetzerath,1
allenachluetzi,1
1komma5grad,1
luetzi,1
dierckeatlas,1
wssingsautowahn,1
tomorrowistolate,1
public,1
strikefortransportchange,1
straßenbahn,1
heibobleibt,1
verkehrende,1
tomorrwistoolate,1
kilmastreik,1
ukrainekrieg,1
tommorowistoolate,1
gänsemarkt,1
stadthausbrücke,1
ubahn,1
sbahn,1
klubhaus,1
intersektionalität,1
deutschlandtakt,1
03,1
kaffkiez,1
blackoutproblems,1
collettivodifabbricagkn,1
arbeitskampf,1
transformation,1
chor,1
altefeuerwache,1
uba,1
stopwillowproject,1
bestof,1
verkehrwende,1
megastreik,1
asien,1
philippinenbüro,1
asientag,1
klims,1
ersterapril,1
aprilscherz,1
koalitionsausschuss,1
nichtaufdiesenstaatvertrauen,1
klimaschutzheißtklassenkampf,1
revolution,1
fckspd,1
fckgrüne,1
mememondayswithrhitwists,1
nomoreemptypromisses,1
meme,1
isar2,1
schleswigholstein,1
antibmw,1
b1505,1
bahnstreik,1
wuhlibleibt,1
tvo,1
lngforum,1
release,1
design,1
affinity,1
artenschutz,1
deutschebank,1
grundgesetz,1
tagdesgrundgesetzes,1
bundeskanzler,1
burger,1
water,1
crisis,1
kindertag,1
childrensday,1
weltfahrradtag,1
fahrradtag,1
klimakanzler,1
wir,1
wirhabenkeinezeit,1
weltumweltag,1
101klimafragen,1
b1509,1
klimagerechtwerden,1
burncapitalismnotcoal,1
nopag,1
steik,1
mönckebergstraße,1
weltregenwaldtag,1
regenwald,1
22juni,1
savetheamazon,1
welzow,1
lqbtq🏳️‍🌈,1
sommerkongres,1
nasa,1
königderlöwen,1
disney,1
simba,1
mufasa,1
lionking,1
warm,1
muctok,1
klimatok,1
summer,1
indonesia,1
sierraleone,1
spain,1
tagdergerechtigkeit,1
fridaysforfuturesierraleone,1
womenforconservation,1
climateclock,1
actintime,1
fridaysforfuturespain,1
car,1
carisover,1
climateweek,1
fridaysforfutureindonesia,1
sommerferien,1
workshops,1
zusammenfürsklima,1
planetearth,1
fridaysforfutureniedersachsen,1
klingbeil,1
niedersachsen,1
zug,1
heat,1
gemeinsamfürsklima,1
bvg,1
oepnv,1
eisenbahn,1
ringbahn,1
verdijugend,1
parkingday,1
sturmflut,1
savetheclimate,1
graffiti,1
sprayen,1
kraftklub,1
dieärzte,1
kummer,1
deineschuld,1
klimas,1
photography,1
art,1
imagine,1
bonn,1
wegbassen,1
analyse,1
klimstreik,1
pink,1
cinema,1
barbie,1
barbiemovie,1
lifeinplastic,1
sportfreundestiller,1
huge,1
stpauli,1
fcstpauli,1
künstlicheintelligenz,1
fußball,1
fcsp,1
stadium,1
biergarten,1
aiwager,1
wiesn,1
beer,1
bier,1
kliamstreik,1
demosprüche,1
aiwanger,1
klimageld,1
hsv,1
football,1
climat,1
stp,1
schülerin,1
flüchtlingsrat,1
svenhillenkamp,1
aljosha,1
generation,1
planetarium,1
stadtpark,1
picknick,1
behindthescenes,1
freetheenvironmentalheroes,1
humanrights,1
fakten,1
bayernwahl,1
tdehh23,1
horizonteöffnen,1
deutscheeinheit,1
tde,1
bubble,1
bubbles,1
seifenblasen,1
semesterticket,1
photo,1
hessen,1
markussöder,1
keinmillimeternachrechts,1
populismus,1
herzstatthetze,1
stopptgeas,1
seenotrettungistkeinverbrechen,1
asylum,1
proasyl,1
geas,1
klimaflucht,1
asyl,1
gruselstreik,1
spooky,1
creepy,1
gruselig,1
hamburgerzukunftsentscheid,1
zukunftsendscheid,1
wirmachendas,1
fridaysforfutureruegen,1
ruegen,1
schwurbeltunsnichtvoll,1
solidarischeprozessbegleitung,1
fckschwurbler,1
lantern,1
diy,1
lehrer,1
transitionawayfromfossilfuels,1
5jahrefff,1
phaseout,1
phaseoutfossilfuels,1
wünschefür2024,1
pyro,1
frohesfest,1
wetter,1
frohesneuesjahr,1
healthyplanet,1
yearinreview,1
2023,1
wirhaltenzusammen,1
afdnee,1
antifaköln,1
initiave,1
auschwitz,1
0102,1
hexer,1
arkaden,1
yu,1
sozialismus,1
kommunismus,1
februar,1
niewiederistjetzt,1
refugees,1
hauptbahnhof,1
antiracist,1
nahverkehr,1
stadtrat,1
tarifvertrag,1
wirsindlichtermehr,1
gemeinsamfürdiezukunft,1
mobimatrial,1
ofcoursetrend,1
wirstreikenzusammen🚨,1
wirstreikenzusammen,1
voicesofresillience,1
youth,1
intersektionalerkampftag,1
gegenfaschismus,1
klimaseniorinnenschweiz,1
gehtwählen,1
hochschule,1
unikoeln,1
voteeu,1
fürdich,1
abba,1
idontwannatalk,1
familientag,1
democracy,1
euro2024,1
kulturkampf,1
wahlen,1
dinos,1
gemeinsamfüreinebesserewelt,1
bereal,1
schulen,1
gehwählen,1
worldrefugeeday,1
seebrücke,1
weltflüchtlingstag,1
glabalclimatestrike,1
grembibleibt,1
grembi,1
gemeinsamstark,1
vielfalt,1
wagen170,1
keinraumderafd,1
keinraumfürrassismus,1
demoborkum,1
nogasfield,1
bo,1
nomusiconadeadplanet,1
juniorcarl,1
0221,1
kunsthalle,1
marschfürdenarsch,1
marschdeslebens,1
extremwetter,1
theater,1
schauspielhaus,1
ini,1
michaelmyers,1
zukunftsklage,1
cop16,1
zukunftsvision,1
harris,1
uswahl,1
zeitzuhandeln,1
fuckdonaldtrump,1
climatedate,1
valentine,1
datenight,1
haushalt2025,1
29euroticket,1
autopolitik,1
copdaily,1
ralphalexander,1
kulturretten,1
bisihrhandelt,1
vertrauensfrage,1
neuwahlen,1
ampelaus,1
wahlprogramm,1
standwithclimateaction,1
alliwantforchristmasisclimatejustice,1
dontgiveup,1
fypシ,1
drought,1
reclaim,1
flood,1
hurricanemilton,1
schülitreffen,1
becomeanactivist,1
beactivenow,1
klima2035,1
zukunftgestalten,1
mobilitätfüralle,1
spdparteiprogramm,1
spdparteitag,1
wahlkampf,1
parteitage,1
hearmeout,1
eattherich,1
klimadate,1
gasaustieg,1
valentinesday,1
namduynguyen,1
polizeigewalt,1
gegendemo,1
globalresponsibility,1
wahlkampf2025,1
politikmitgestalten,1
klimaschützen,1
menschlichkeit,1
keinmenschistillegal,1
migration,1
asmr,1
brandmauer,1
krise,1
briefwahlbeantragen,1
vote,1
bannermalen,1
meta,1
antifaschismus,1
demokratieverteidigen,1
datemitdemklima,1
bemyvalentine,1
facts,1
rettetdasklima,1
rechtauszukunft,1
climateandeconomy,1
economy,1
siehabenhasswirhabenhaltung,1
demostration,1
cimateactionnow,1
standtogether,1
bauwendejetzt,1
nachhaltigesbauen,1
drc,1
freecongo,1
schade,1
wennbohreninbayerndannnurfürzüge,1
ammerseebleibtsauber,1
bayernohnebohrung,1
stoperdgas,1
brennerbasistunnel,1
lauffüralle,1
girodimonaco,1
100tageklima,1
zitat,1
rennen,1
langereihe,1
propagandaimnotfallingfor,1
elbphilarmonie,1
euclimatetargets,1
besserspätalsnie,1
spree,1
niederschlag,1
trockenheit,1
klimacampborkum,1
sozialegerechtigkeitfüralle,1
keinrechtaufgas,1
wärmpumpe,1
geg,1
keinrecht,1
erneuerbare,1
fffmuenchen,1
norway,1
palestine,1
aufarbeitung,1
palästina,1
sprueche,1
weneedyou,1
supportus,1
helpinghands,1
exitgasenterfutute,1
lobbygeschenke,1
kanzleramt,1
pendlerpauschale,1
verbrenneraus,1
berlinautofrei,1
mobitour,1
keepyourpromise,1
doyourjob,1
heuteistwiederfreitag,1
10yearsparis,1
wattenmeer,1
