text_id,ordering_id,ordering,diagnostic,prognostic,motivational,parse_error
1023172036834829,0,"diagnostic,prognostic,motivational",0,1,2,
4005500556400854,0,"diagnostic,prognostic,motivational",2,3,4,
1575996174255675,0,"diagnostic,prognostic,motivational",1,1,4,
1567989358296502,0,"diagnostic,prognostic,motivational",0,0,1,
27589419697356625,0,"diagnostic,prognostic,motivational",1,0,1,
1204670665108860,0,"diagnostic,prognostic,motivational",1,0,2,
1317240037277455,0,"diagnostic,prognostic,motivational",0,0,1,
2171321440110888,0,"diagnostic,prognostic,motivational",0,0,1,
1035851095513631,0,"diagnostic,prognostic,motivational",0,0,1,
997352393352376,0,"diagnostic,prognostic,motivational",0,0,1,
1530289834321033,0,"diagnostic,prognostic,motivational",1,1,3,
465767503204664,0,"diagnostic,prognostic,motivational",3,3,4,
391953857240064,0,"diagnostic,prognostic,motivational",0,0,3,
592570296957910,0,"diagnostic,prognostic,motivational",1,1,3,
1096849961884093,0,"diagnostic,prognostic,motivational",1,2,4,
2920056458345966,0,"diagnostic,prognostic,motivational",0,0,1,
1793156998518926,0,"diagnostic,prognostic,motivational",0,0,1,
1035910789016875,0,"diagnostic,prognostic,motivational",0,0,1,
2955392211467029,0,"diagnostic,prognostic,motivational",1,0,2,
1137437644839772,0,"diagnostic,prognostic,motivational",2,1,4,
930210122376753,0,"diagnostic,prognostic,motivational",0,0,1,
1742839476293911,0,"diagnostic,prognostic,motivational",0,0,1,
594082553437367,0,"diagnostic,prognostic,motivational",1,1,2,
1109007447272549,0,"diagnostic,prognostic,motivational",2,3,4,
3454936918148001,0,"diagnostic,prognostic,motivational",0,0,1,
1762808067838279,0,"diagnostic,prognostic,motivational",1,1,4,
415895688260902,0,"diagnostic,prognostic,motivational",2,2,4,
1635635837313818,0,"diagnostic,prognostic,motivational",2,2,4,
1261547441805405,0,"diagnostic,prognostic,motivational",0,0,2,
1103696994604262,0,"diagnostic,prognostic,motivational",4,2,3,
1794112541365782,0,"diagnostic,prognostic,motivational",0,1,2,
956145182782340,0,"diagnostic,prognostic,motivational",2,1,3,
1416222146014719,0,"diagnostic,prognostic,motivational",2,3,3,
4095881497361074,0,"diagnostic,prognostic,motivational",2,1,4,
635621519140633,0,"diagnostic,prognostic,motivational",3,3,4,
1066427485171745,0,"diagnostic,prognostic,motivational",2,3,4,
1958046701335520,0,"diagnostic,prognostic,motivational",1,0,2,
2389514421383083,0,"diagnostic,prognostic,motivational",4,3,3,
1137438724201785,0,"diagnostic,prognostic,motivational",1,3,3,
579313384681310,0,"diagnostic,prognostic,motivational",0,1,2,
1131292644860996,0,"diagnostic,prognostic,motivational",1,3,1,
879282981026581,0,"diagnostic,prognostic,motivational",2,0,2,
1260697295170127,0,"diagnostic,prognostic,motivational",0,0,1,
916628800456677,0,"diagnostic,prognostic,motivational",0,1,3,
2667351190139885,0,"diagnostic,prognostic,motivational",3,3,4,
1138883321083159,0,"diagnostic,prognostic,motivational",2,1,4,
1264979762010699,0,"diagnostic,prognostic,motivational",2,1,4,
1155365869479123,0,"diagnostic,prognostic,motivational",3,3,4,
929668959099537,0,"diagnostic,prognostic,motivational",2,0,3,
1174482520943616,0,"diagnostic,prognostic,motivational",0,0,1,
